Date,Buyer,Funnel,Costs,Visits,Regs,% Deposit try,RFD,User AR,% One timers,Bonuses,Dep (Avg),First Deposit RFD,Frequency Deposit,GGR,In,InOut,NGR,Unnamed: 18,Рішення задачі,Unnamed: 20,Unnamed: 21,Unnamed: 22,Unnamed: 23,Unnamed: 24,Unnamed: 25,CPA,ROAS,Date_DT,AI_Recommendation,Cohort_ID,Retention_Score,ARPU_Cohort,Growth_Factor,Projected_ROAS_6M,Confidence_Score,Lower_Bound_ROAS,Strategy
01/03/2025,1.0,1,18094.0,855,319.0,"45,80%",98.0,"67,12%",63.3,$3 808,"$50,4",36.1,2.9,$6 164,14265.0,$2 609,$2 356,0.0,Аналіз ефективності баєрів і план на наступний місяць,0,0,0,0,0,0,184.6326530612245,0.7883828893555875,2025-03-01,🛡️ MONITOR,1-1,1.0643,145.5612244897959,1.3907488404762212,1.0964425892225764,1.0,0.7883828893555875,🟡 MONITOR
01/03/2025,1.0,2,12079.0,872,325.0,"37,50%",88.0,"72,13%",64.8,$2 896,"$59,4",40.0,2.3,$9 015,11755.0,$6 348,$6 119,0.0,0,0,0,0,0,0,0,137.26136363636363,0.9731765874658498,2025-03-01,📈 MAINTAIN / SCALE,1-2,0.8096,133.57954545454547,1.2931840112731565,1.2584964030562096,1.0,0.9731765874658498,🟡 MONITOR
01/03/2025,1.0,3,11414.0,759,297.0,"43,40%",96.0,"74,42%",72.9,$3 502,"$64,5",46.7,2.4,$11 430,14580.0,$8 222,$7 928,0.0,"Проаналізував дані. Головний висновок: ми дарма витрачаємо гроші на слабких баєрів, коли у нас є круті зв'язки, яким не вистачає бюджету.",0,0,0,0,0,0,118.89583333333333,1.2773786577886805,2025-03-01,📈 MAINTAIN / SCALE,1-3,0.6503999999999998,151.875,1.2372520278229069,1.580439334646748,1.0,1.2773786577886805,💎 SCALABLE GENIUS
01/03/2025,1.0,4,2709.0,140,60.0,"43,30%",12.0,"46,15%",50.0,$314,"$24,4",35.2,7.4,-$1 663,2175.0,-$1 982,-$1 977,0.0,0,0,0,0,0,0,0,225.75,0.8028792912513842,2025-03-01,🛡️ MONITOR,1-4,3.7,181.25,2.000740000105062,1.6063527132626467,0.4,0.5620155038759689,"🧪 POTENTIAL (Low ROI now, High LTV)"
01/03/2025,1.0,5,2139.0,134,60.0,"40,00%",15.0,"62,50%",80.0,$398,"$58,9",38.1,4.2,$3 982,3710.0,$3 571,$3 585,0.0,Я рахував ефективність двома способами:,0,0,0,0,0,0,142.6,1.734455352968677,2025-03-01,📈 MAINTAIN / SCALE,1-5,0.84,247.33333333333334,1.2870169050578646,2.2322733603387928,0.5,1.3008415147265078,✅ PROFITABLE
01/03/2025,1.0,6,1390.0,77,26.0,"53,80%",11.0,"78,57%",54.5,$230,"$66,6",46.1,2.0,$1 360,1465.0,$1 179,$1 129,0.0,0,0,0,0,0,0,0,126.36363636363636,1.0539568345323742,2025-03-01,📈 MAINTAIN / SCALE,1-6,0.91,133.1818181818182,1.315381967154775,1.3863558143034143,0.36666666666666664,0.7202038369304558,🟡 MONITOR
01/03/2025,1.0,7,1155.0,46,20.0,"45,00%",5.0,"55,56%",60.0,$0,"$33,7",24.9,2.2,$348,371.0,$371,$348,0.0,1. NGR (чистий дохід) для розуміння довгострокової картини.,0,0,0,0,0,0,231.0,0.3212121212121212,2025-03-01,🛡️ MONITOR,1-7,0.88,74.2,1.315382944145708,0.4225169456952881,0.16666666666666666,0.1873737373737374,🟡 MONITOR
01/03/2025,1.0,8,451.0,20,6.0,"66,70%",2.0,"50,00%",50.0,$0,"$156,2",103.7,2.5,$781,781.0,$781,$781,0.0,"2. Cash Flow (депозити до витрат) для розуміння, хто приносить живі гроші прямо зараз.",0,0,0,0,0,0,225.5,1.7317073170731707,2025-03-01,📈 MAINTAIN / SCALE,1-8,1.25,390.5,1.4581453659370776,2.5250809995495733,0.06666666666666667,0.9235772357723577,✅ PROFITABLE
01/03/2025,1.0,9,310.0,29,9.0,"33,30%",2.0,"66,67%",50.0,$99,"$50,6",45.2,4.5,$318,456.0,$219,$219,0.0,0,0,0,0,0,0,0,155.0,1.4709677419354839,2025-03-01,📈 MAINTAIN / SCALE,1-9,2.25,228.0,1.752038698388137,2.5771924079515824,0.06666666666666667,0.7845161290322581,✅ PROFITABLE
01/03/2025,1.0,10,31.0,1,0.0,0,0.0,0,0.0,0,0,0.0,0.0,0,0.0,0,0,0.0,Ось що пропоную робити.,0,0,0,0,0,0,0.0,0.0,2025-03-01,🛡️ MONITOR,1-10,0.0,0.0,1.0,0.0,0.0,0.0,🟡 MONITOR
01/03/2025,2.0,1,48063.0,2260,748.0,"50,30%",253.0,"67,29%",57.7,$5 903,"$52,5",38.8,3.2,$21 508,42711.0,$16 365,$15 605,0.0,1. Топ-виконавці (Кого масштабувати),0,0,0,0,0,0,189.97233201581028,0.8886461519255977,2025-03-01,🛡️ MONITOR,2-1,1.3536,168.8181818181818,1.492012792547803,1.3258714267213703,1.0,0.8886461519255977,🟡 MONITOR
01/03/2025,2.0,2,190.0,1,1.0,"0,00%",0.0,0,0.0,$0,0,0.0,0.0,$0,0.0,$0,$0,0.0,Ці хлопці роблять результат. Їм треба дати більше грошей.,0,0,0,0,0,0,0.0,0.0,2025-03-01,🛡️ MONITOR,2-2,0.0,0.0,1.0,0.0,0.0,0.0,🟡 MONITOR
01/03/2025,2.0,3,126.0,4,0.0,0,0.0,0,0.0,0,0,0.0,0.0,0,0.0,0,0,0.0,"Buyer 3 (Funnel 5): Абсолютний лідер. Вклали 3 тисячі, отримали депозитів на 21 тисячу. ROAS більше 6. Такі результати рідко бувають. Треба заливати сюди максимум, поки працює.",0,0,0,0,0,0,0.0,0.0,2025-03-01,🛡️ MONITOR,2-3,0.0,0.0,1.0,0.0,0.0,0.0,🟡 MONITOR
01/03/2025,3.0,1,15757.0,1083,475.0,"47,20%",153.0,"68,30%",61.4,$4 974,"$37,6",31.4,2.9,$10 133,16930.0,$8 418,$5 159,0.0,Buyer 12 (Funnel 2): Справжня знахідка. Найдешевший лід у системі ($73). Кожен вкладений долар приносить 4 долари депозитів. Сміливо подвоюємо бюджет.,0,0,0,0,0,0,102.98692810457516,1.0744431046519007,2025-03-01,📈 MAINTAIN / SCALE,3-1,1.1194,110.65359477124183,1.4109783444790773,1.516015953038699,1.0,1.0744431046519007,💎 SCALABLE GENIUS
01/03/2025,3.0,2,6736.0,358,149.0,"49,70%",47.0,"63,51%",48.9,$2 203,"$131,5",59.7,2.8,$18 407,17225.0,$16 367,$16 204,0.0,"Buyer 3 (Funnel 2): Стабільна і надійна зв'язка. ROAS 2.5. Просто масштабуємо, тут все добре.",0,0,0,0,0,0,143.31914893617022,2.5571555819477436,2025-03-01,🔥 SCALE AGGRESSIVE,3-2,1.4307999999999998,366.48936170212767,1.5261355221795718,3.9025659693502264,1.0,2.5571555819477436,💎 SCALABLE GENIUS
01/03/2025,3.0,3,6679.0,404,147.0,"55,80%",62.0,"75,61%",59.7,$3 278,"$74,5",45.3,3.3,$9 078,15133.0,$5 821,$5 799,0.0,0,0,0,0,0,0,0,107.7258064516129,2.2657583470579428,2025-03-01,🔥 SCALE AGGRESSIVE,3-3,1.3298999999999999,244.08064516129033,1.481150754794391,3.3559296859265637,1.0,2.2657583470579428,💎 SCALABLE GENIUS
01/03/2025,3.0,4,6166.0,330,141.0,"58,90%",59.0,"71,08%",74.6,$1 992,"$58,6",34.3,4.4,$4 092,15052.0,$2 207,$2 100,0.0,2. Проблемні зони (Кого зупинити або виправити),0,0,0,0,0,0,104.50847457627118,2.4411287706779112,2025-03-01,🔥 SCALE AGGRESSIVE,3-4,1.1176000000000004,255.11864406779662,1.3763275533947508,3.359792788468665,1.0,2.4411287706779112,💎 SCALABLE GENIUS
01/03/2025,3.0,5,3383.0,205,87.0,"48,30%",29.0,"69,05%",65.5,-$518,"$84,1",25.5,8.8,$6 099,21433.0,$6 614,$6 617,0.0,Тут ми втрачаємо гроші. Потрібні рішучі дії.,0,0,0,0,0,0,116.65517241379311,6.335501034584688,2025-03-01,🚀 ROCKET SCALE (ROAS > 4),3-5,3.036,739.0689655172414,1.7502893439120355,11.088959949177255,0.9666666666666667,6.2299093506749434,💎 SCALABLE GENIUS
01/03/2025,3.0,6,1184.0,31,15.0,"40,00%",3.0,"50,00%",66.7,$123,"$53,9",57.9,1.3,-$403,216.0,$59,-$526,0.0,"Buyer 6 (Funnel 1): Головний пожирач бюджету. Витратив 18 тисяч, а повернув менше 10 тисяч депозитами. Це прямі збитки. Зупинити негайно. Ці гроші краще віддати Buyer 3.",0,0,0,0,0,0,394.6666666666667,0.18243243243243243,2025-03-01,🛡️ MONITOR,3-6,0.4329,72.0,1.0873673000676745,0.1983710614988325,0.1,0.10033783783783784,🟡 MONITOR
01/03/2025,3.0,7,515.0,17,7.0,"42,90%",2.0,"66,67%",50.0,$139,"$32,6",27.9,1.5,$236,98.0,$98,$97,0.0,"Buyer 9 (Funnel 1): Найдорожчий лід ($300). Це в 4 рази дорожче, ніж у лідера. Ефективність вкрай низька. Зупинити.",0,0,0,0,0,0,257.5,0.19029126213592232,2025-03-01,🛡️ MONITOR,3-7,0.75,49.0,1.2027325540540823,0.22886949572291274,0.06666666666666667,0.10148867313915856,🟡 MONITOR
01/03/2025,3.0,8,281.0,29,6.0,"66,70%",4.0,"100,00%",75.0,$95,"$25,4",24.2,1.5,$248,152.0,$152,$152,0.0,"Buyer 2 (Funnel 1): Складна ситуація. Він приносить збиток по NGR, але дає величезний обсяг депозитів (253 шт). Якщо його вимкнути, ми втратимо 20% обороту компанії. Рішення: Оптимізувати. Ставимо йому задачу знизити ціну ліда на 15% (до $160). Не закриваємо, а лікуємо.",0,0,0,0,0,0,70.25,0.5409252669039146,2025-03-01,🛡️ MONITOR,3-8,0.375,38.0,1.1013662770270412,0.595756847359823,0.13333333333333333,0.3065243179122183,🟡 MONITOR
01/03/2025,3.0,9,106.0,12,1.0,"0,00%",0.0,0,0.0,$0,0,0.0,0.0,$0,0.0,$0,$0,0.0,0,0,0,0,0,0,0,0.0,0.0,2025-03-01,🛡️ MONITOR,3-9,0.0,0.0,1.0,0.0,0.0,0.0,🟡 MONITOR
01/03/2025,3.0,10,97.0,4,0.0,0,0.0,0,0.0,0,0,0.0,0.0,0,0.0,0,0,0.0,3. Підсумкова Таблиця Дій,0,0,0,0,0,0,0.0,0.0,2025-03-01,🛡️ MONITOR,3-10,0.0,0.0,1.0,0.0,0.0,0.0,🟡 MONITOR
01/03/2025,3.0,11,70.0,13,5.0,"20,00%",1.0,"100,00%",100.0,$23,"$21,0",21.0,1.0,$44,21.0,$21,$21,0.0,Баєр,Воронка (Funnel),Статус,Бюджет (Поточний),Бюджет (Новий),Дія,Чому?,70.0,0.3,2025-03-01,🛡️ MONITOR,3-11,0.0,21.0,1.0,0.3,0.03333333333333333,0.155,🟡 MONITOR
01/03/2025,3.0,12,11.0,2,0.0,0,0.0,0,0.0,0,0,0.0,0.0,0,0.0,0,0,0.0,Buyer 3,Funnel 5,Scale,"$3,383","$10,000+",Збільшити x3,ROAS 6.33. Найприбутковіша точка росту.,0.0,0.0,2025-03-01,🛡️ MONITOR,3-12,0.0,0.0,1.0,0.0,0.0,0.0,🟡 MONITOR
01/03/2025,4.0,1,12861.0,795,306.0,"41,20%",89.0,"70,63%",66.3,$2 313,"$39,4",38.5,3.5,$8 858,12180.0,$6 782,$6 545,0.0,Buyer 12,Funnel 2,Scale,"$2,277","$5,000+",Подвоїти,"CPA $73. Найдешевший лід, супер ROI.",144.5056179775281,0.947049218567763,2025-03-01,📈 MAINTAIN / SCALE,4-1,1.1795000000000002,136.85393258426967,1.422181120382939,1.3468755187204882,1.0,0.947049218567763,🟡 MONITOR
01/03/2025,4.0,2,8681.0,501,204.0,"39,20%",55.0,"68,75%",69.1,$2 408,"$48,6",39.0,2.2,$6 733,5828.0,$4 433,$4 325,0.0,Buyer 3,Funnel 2,Scale,"$6,736","$10,000",Додати +50%,Стабільний прибуток (ROAS 2.5).,157.83636363636364,0.671351226817187,2025-03-01,🛡️ MONITOR,4-2,0.6798000000000002,105.96363636363637,1.2436333243525595,0.8349147580148274,1.0,0.671351226817187,🟡 MONITOR
01/03/2025,4.0,3,2881.0,154,59.0,"44,10%",18.0,"69,23%",50.0,$871,"$31,1",30.9,4.2,-$155,2334.0,-$990,-$1 026,0.0,Buyer 2,Funnel 1,Optimize,"$48,063","$40,000",Знизити -15%,"Зберегти об'єм, але знизити CPA до $160.",160.05555555555554,0.8101353696633113,2025-03-01,🛡️ MONITOR,4-3,2.1,129.66666666666666,1.7175422626446615,1.391441735859993,0.6,0.6481082957306491,"🧪 POTENTIAL (Low ROI now, High LTV)"
01/03/2025,4.0,4,2097.0,118,49.0,"55,10%",21.0,"77,78%",76.2,$707,"$29,5",30.5,1.9,$84,1181.0,-$625,-$624,0.0,Buyer 6,Funnel 1,Stop,"$18,188",$0,Зупинити,Прямі збитки (ROAS 0.54). Гроші на вітер.,99.85714285714286,0.5631855030996662,2025-03-01,❌ STOP IMMEDIATE (Burning Cash),4-4,0.45219999999999994,56.23809523809524,1.15276122490903,0.6492184104041795,0.7,0.4787076776347163,❌ MONEY BURNER
01/03/2025,4.0,5,1592.0,71,25.0,"36,00%",8.0,"88,89%",62.5,-$1 081,"$68,2",117.2,2.9,$492,1570.0,$1 570,$1 573,0.0,Buyer 9,Funnel 1,Stop,"$7,521",$0,Зупинити,Найдорожчий лід ($300). Немає сенсу.,199.0,0.9861809045226131,2025-03-01,📈 MAINTAIN / SCALE,4-5,1.0875,196.25,1.3992665263721606,1.3799299286459121,0.26666666666666666,0.6245812395309882,🟡 MONITOR
01/03/2025,4.0,6,977.0,69,29.0,"34,50%",8.0,"80,00%",100.0,$161,"$27,7",27.7,1.0,$382,221.0,$221,$221,0.0,Buyer 5,Funnel 1,Maintain,"$16,235","$16,235",Без змін,Стабільно працює в плюс (ROAS 2.1).,122.125,0.2262026612077789,2025-03-01,🛡️ MONITOR,4-6,0.0,27.625,1.0,0.2262026612077789,0.26666666666666666,0.1432616854315933,🟡 MONITOR
01/03/2025,5.0,1,16235.0,940,402.0,"44,50%",112.0,"62,57%",74.1,-$1 212,"$83,9",37.5,3.7,$20 912,34503.0,$22 486,$22 124,0.0,0,0,0,0,0,0,0,144.95535714285714,2.12522328303049,2025-03-01,🔥 SCALE AGGRESSIVE,5-1,0.9583000000000003,308.0625,1.3388582002893963,2.845372619931324,1.0,2.12522328303049,💎 SCALABLE GENIUS
01/03/2025,5.0,2,2700.0,154,61.0,"39,30%",17.0,"70,83%",70.6,$669,"$157,4",39.5,2.7,$2 352,7240.0,$1 716,$1 683,0.0,"Результат: Зберігши той самий загальний бюджет, ми перестанемо спалювати $25k на неефективних баєрах і направимо їх туди, де вони окупляться в 3-5 разів. Очікую значний ріст прибутку вже в наступному місяці.",0,0,0,0,0,0,158.8235294117647,2.6814814814814816,2025-03-01,🔥 SCALE AGGRESSIVE,5-2,0.7938000000000003,425.88235294117646,1.2920160212650234,3.4645170347995444,0.5666666666666667,2.100493827160494,✅ PROFITABLE
01/03/2025,5.0,3,2293.0,104,48.0,"39,60%",10.0,"52,63%",70.0,-$35,"$26,9",32.7,3.1,-$225,835.0,-$71,-$190,0.0,0,0,0,0,0,0,0,229.3,0.36415176624509377,2025-03-01,❌ STOP IMMEDIATE (Burning Cash),5-3,0.93,83.5,1.3394206334473302,0.4877523894149676,0.3333333333333333,0.24276784416339584,🟡 MONITOR
01/03/2025,5.0,4,2060.0,113,47.0,"46,80%",15.0,"68,18%",66.7,$228,"$27,5",24.1,7.1,$1 504,2920.0,$2 537,$1 277,0.0,0,0,0,0,0,0,0,137.33333333333334,1.4174757281553398,2025-03-01,📈 MAINTAIN / SCALE,5-4,2.3642999999999996,194.66666666666666,1.652711563087741,2.3426785263185455,0.5,1.0631067961165048,✅ PROFITABLE
01/03/2025,5.0,5,1563.0,70,30.0,"60,00%",11.0,"61,11%",81.8,$134,"$39,6",41.6,1.3,$465,555.0,$464,$331,0.0,0,0,0,0,0,0,0,142.0909090909091,0.3550863723608445,2025-03-01,🛡️ MONITOR,5-5,0.23660000000000003,50.45454545454545,1.0477502961330833,0.37204185179389715,0.36666666666666664,0.24264235444657709,🟡 MONITOR
01/03/2025,5.0,6,1262.0,81,27.0,"33,30%",5.0,"55,56%",60.0,$121,"$18,9",22.1,2.2,$329,208.0,$208,$207,0.0,0,0,0,0,0,0,0,252.4,0.1648177496038035,2025-03-01,🛡️ MONITOR,5-6,0.88,41.6,1.315382944145708,0.21679845672132114,0.16666666666666666,0.09614368726888538,🟡 MONITOR
01/03/2025,5.0,7,770.0,59,17.0,"41,20%",4.0,"57,14%",75.0,-$56,"$23,7",26.1,1.3,$63,118.0,$118,$118,0.0,0,0,0,0,0,0,0,192.5,0.15324675324675324,2025-03-01,🛡️ MONITOR,5-7,0.325,29.5,1.0655910661168728,0.16329837117115714,0.13333333333333333,0.08683982683982684,🟡 MONITOR
01/03/2025,5.0,8,230.0,6,3.0,"33,30%",1.0,"100,00%",0.0,-$1 195,"$71,8",34.8,3.0,-$1 673,215.0,-$477,-$479,0.0,0,0,0,0,0,0,0,230.0,0.9347826086956522,2025-03-01,📈 MAINTAIN / SCALE,5-8,3.0,215.0,2.09861228866811,1.961746269841929,0.03333333333333333,0.4829710144927537,"🧪 POTENTIAL (Low ROI now, High LTV)"
01/03/2025,6.0,1,18188.0,829,267.0,"47,20%",84.0,"66,67%",59.5,$2 168,"$41,7",28.9,2.8,$9 965,9839.0,$7 971,$7 797,0.0,0,0,0,0,0,0,0,216.52380952380952,0.5409610732351001,2025-03-01,❌ STOP IMMEDIATE (Burning Cash),6-1,1.134,117.13095238095238,1.416995863958369,0.7665396033366173,1.0,0.5409610732351001,❌ MONEY BURNER
01/03/2025,6.0,2,306.0,11,4.0,"75,00%",2.0,"66,67%",50.0,$0,"$35,8",34.7,1.5,$106,107.0,$107,$106,0.0,0,0,0,0,0,0,0,153.0,0.34967320261437906,2025-03-01,🛡️ MONITOR,6-2,0.75,53.5,1.2027325540540823,0.4205633440646627,0.06666666666666667,0.18649237472766883,🟡 MONITOR
01/03/2025,6.0,3,0.0,1,0.0,0,0.0,0,0.0,0,0,0.0,0.0,0,0.0,0,0,0.0,0,0,0,0,0,0,0,0.0,0.0,2025-03-01,🛡️ MONITOR,6-3,0.0,0.0,1.0,0.0,0.0,0.0,🟡 MONITOR
01/03/2025,7.0,1,11678.0,569,215.0,"51,20%",67.0,"60,91%",67.2,-$408,"$25,1",38.4,3.6,$1 642,6135.0,$2 466,$2 051,0.0,0,0,0,0,0,0,0,174.29850746268656,0.5253468059599247,2025-03-01,❌ STOP IMMEDIATE (Burning Cash),7-1,1.1808,91.56716417910448,1.420146301311557,0.7460693233898272,1.0,0.5253468059599247,❌ MONEY BURNER
01/03/2025,7.0,2,4147.0,62,39.0,"46,20%",14.0,"77,78%",57.1,$967,"$297,6",48.6,2.7,$12 855,11309.0,$10 616,$11 888,0.0,0,0,0,0,0,0,0,296.2142857142857,2.7270315891005548,2025-03-01,🔥 SCALE AGGRESSIVE,7-2,1.1582999999999999,807.7857142857143,1.4261050106214115,3.8890334133391713,0.4666666666666667,1.999823165340407,✅ PROFITABLE
01/03/2025,8.0,1,5949.0,191,68.0,"60,30%",31.0,"75,61%",77.4,$768,"$31,6",34.8,2.5,$1 780,2467.0,$1 015,$1 012,0.0,0,0,0,0,0,0,0,191.90322580645162,0.41469154479744497,2025-03-01,❌ STOP IMMEDIATE (Burning Cash),8-1,0.5649999999999998,79.58064516129032,1.207081705403559,0.5005665771105362,1.0,0.41469154479744497,❌ MONEY BURNER
01/03/2025,8.0,2,5243.0,75,40.0,"47,50%",14.0,"73,68%",64.3,$1 403,"$74,8",24.4,2.5,$3 655,2617.0,$2 273,$2 251,0.0,0,0,0,0,0,0,0,374.5,0.4991417127598703,2025-03-01,❌ STOP IMMEDIATE (Burning Cash),8-2,0.8925,186.92857142857142,1.3271157912790734,0.6624188490897073,0.4666666666666667,0.3660372560239049,🟡 MONITOR
01/03/2025,8.0,3,2114.0,97,33.0,"63,60%",14.0,"66,67%",71.4,$249,"$26,5",24.5,1.4,$766,531.0,$531,$517,0.0,0,0,0,0,0,0,0,151.0,0.2511825922421949,2025-03-01,❌ STOP IMMEDIATE (Burning Cash),8-3,0.4003999999999999,37.92857142857143,1.0962310596736669,0.2753541592652399,0.4666666666666667,0.18420056764427628,🟡 MONITOR
01/03/2025,8.0,4,1133.0,47,17.0,"47,10%",7.0,"87,50%",42.9,$229,"$24,5",24.8,2.4,$615,417.0,$417,$386,0.0,0,0,0,0,0,0,0,161.85714285714286,0.3680494263018535,2025-03-01,🛡️ MONITOR,8-4,1.3703999999999998,59.57142857142857,1.499892649029077,0.552034628989519,0.23333333333333334,0.226963812886143,🟡 MONITOR
01/03/2025,8.0,5,562.0,25,9.0,"33,30%",2.0,"66,67%",50.0,$45,"$253,5",276.6,1.5,$806,761.0,$761,$761,0.0,0,0,0,0,0,0,0,281.0,1.3540925266903914,2025-03-01,📈 MAINTAIN / SCALE,8-5,0.75,380.5,1.2027325540540823,1.62861116305188,0.06666666666666667,0.722182680901542,✅ PROFITABLE
01/03/2025,9.0,1,7521.0,240,86.0,"40,70%",25.0,"71,43%",68.0,-$4,"$46,9",39.6,2.1,$1 022,2437.0,$1 055,$1 026,0.0,0,0,0,0,0,0,0,300.84,0.32402606036431325,2025-03-01,❌ STOP IMMEDIATE (Burning Cash),9-1,0.672,97.48,1.2374199503134007,0.4009563115162555,0.8333333333333334,0.2970238886672872,❌ MONEY BURNER
01/03/2025,9.0,2,7190.0,387,142.0,"45,10%",43.0,"67,19%",60.5,$1 786,"$48,9",33.6,2.5,$5 951,5230.0,$4 325,$4 165,0.0,0,0,0,0,0,0,0,167.2093023255814,0.7273991655076495,2025-03-01,🛡️ MONITOR,9-2,0.9875,121.62790697674419,1.3619348390902912,0.9906702654300727,1.0,0.7273991655076495,🟡 MONITOR
01/03/2025,10.0,1,3105.0,79,37.0,"35,10%",9.0,"69,23%",55.6,$198,"$25,3",20.8,2.8,$405,633.0,$215,$206,0.0,0,0,0,0,0,0,0,345.0,0.2038647342995169,2025-03-01,❌ STOP IMMEDIATE (Burning Cash),10-1,1.2431999999999999,70.33333333333333,1.4571510212284342,0.29706170577700447,0.3,0.132512077294686,🟡 MONITOR
01/03/2025,10.0,2,2254.0,41,27.0,"48,10%",9.0,"69,23%",77.8,$642,"$57,4",29.4,4.1,$2 755,2124.0,$2 124,$2 113,0.0,0,0,0,0,0,0,0,250.44444444444446,0.9423247559893523,2025-03-01,📈 MAINTAIN / SCALE,10-2,0.9102000000000001,236.0,1.3132391081636783,1.2374977221560128,0.3,0.612511091393079,🟡 MONITOR
01/03/2025,10.0,3,1738.0,34,16.0,"50,00%",8.0,"100,00%",62.5,$437,"$89,0",27.8,7.6,$100,5428.0,-$330,-$337,0.0,0,0,0,0,0,0,0,217.25,3.1231300345224398,2025-03-01,📈 MAINTAIN / SCALE,10-3,2.85,678.5,1.7605555927346068,5.498444049115907,0.26666666666666666,1.977982355197545,✅ PROFITABLE
01/03/2025,10.0,3,1584.0,26,13.0,"61,50%",4.0,"50,00%",25.0,$375,"$24,1",29.6,12.5,$489,1205.0,$117,$115,0.0,0,0,0,0,0,0,0,396.0,0.7607323232323232,2025-03-01,🛡️ MONITOR,10-3,9.375,301.25,2.8942964832311917,2.2017848878116073,0.13333333333333333,0.4310816498316498,"🧪 POTENTIAL (Low ROI now, High LTV)"
01/03/2025,10.0,4,1188.0,21,15.0,"40,00%",2.0,"33,33%",50.0,$4,"$57,8",38.1,4.0,-$23,463.0,-$27,-$28,0.0,0,0,0,0,0,0,0,594.0,0.3897306397306397,2025-03-01,🛡️ MONITOR,10-4,2.0,231.5,1.6931471805599454,0.6598713338377564,0.06666666666666667,0.2078563411896745,🟡 MONITOR
01/03/2025,10.0,5,1005.0,25,14.0,"64,30%",6.0,"66,67%",83.3,$102,"$29,7",31.2,1.2,$309,208.0,$208,$207,0.0,0,0,0,0,0,0,0,167.5,0.20696517412935322,2025-03-01,🛡️ MONITOR,10-5,0.20040000000000002,34.666666666666664,1.0304476999845904,0.2132667876585023,0.2,0.12417910447761193,🟡 MONITOR
01/03/2025,10.0,6,924.0,11,7.0,"28,60%",2.0,"100,00%",50.0,$226,"$67,8",27.8,2.0,$497,271.0,$271,$270,0.0,0,0,0,0,0,0,0,462.0,0.29329004329004327,2025-03-01,🛡️ MONITOR,10-6,1.0,135.5,1.3465735902799727,0.3949366265864422,0.06666666666666667,0.1564213564213564,🟡 MONITOR
01/03/2025,10.0,7,908.0,13,10.0,"30,00%",3.0,"100,00%",33.3,$31,"$56,6",69.3,2.3,$426,396.0,$396,$394,0.0,0,0,0,0,0,0,0,302.6666666666667,0.43612334801762115,2025-03-01,🛡️ MONITOR,10-7,1.5341,132.0,1.5555503849977144,0.6784118419153028,0.1,0.23986784140969164,🟡 MONITOR
01/03/2025,10.0,8,360.0,11,6.0,"50,00%",1.0,"33,33%",100.0,$0,"$6,9",6.9,1.0,$7,7.0,$7,$7,0.0,0,0,0,0,0,0,0,360.0,0.019444444444444445,2025-03-01,🛡️ MONITOR,10-8,0.0,7.0,1.0,0.019444444444444445,0.03333333333333333,0.010046296296296298,🟡 MONITOR
01/03/2025,10.0,9,312.0,6,2.0,"50,00%",1.0,"100,00%",0.0,$0,"$238,6",139.1,5.0,$1 193,1193.0,$1 193,$1 193,0.0,0,0,0,0,0,0,0,312.0,3.823717948717949,2025-03-01,📈 MAINTAIN / SCALE,10-9,5.0,1193.0,2.6094379124341005,9.977754581839365,0.03333333333333333,1.975587606837607,✅ PROFITABLE
01/03/2025,10.0,10,252.0,3,2.0,"0,00%",0.0,0,0.0,$0,0,0.0,0.0,$0,0.0,$0,$0,0.0,0,0,0,0,0,0,0,0.0,0.0,2025-03-01,🛡️ MONITOR,10-10,0.0,0.0,1.0,0.0,0.0,0.0,🟡 MONITOR
01/03/2025,11.0,1,2721.0,108,40.0,"42,50%",12.0,"70,59%",75.0,$674,"$41,2",46.7,2.6,$1 098,1277.0,$428,$424,0.0,0,0,0,0,0,0,0,226.75,0.4693127526644616,2025-03-01,❌ STOP IMMEDIATE (Burning Cash),11-1,0.65,106.41666666666667,1.2388778612568592,0.5814211792815175,0.4,0.3285189268651231,🟡 MONITOR
01/03/2025,11.0,2,2313.0,85,34.0,"47,10%",13.0,"81,25%",46.2,$872,"$85,6",39.4,5.4,$3 857,5991.0,$3 021,$2 985,0.0,0,0,0,0,0,0,0,177.92307692307693,2.5901426718547342,2025-03-01,🔥 SCALE AGGRESSIVE,11-2,2.9052,460.84615384615387,1.907282637020783,4.940134145435154,0.43333333333333335,1.8562689148292262,✅ PROFITABLE
01/03/2025,11.0,3,1983.0,61,27.0,"44,40%",11.0,"91,67%",72.7,$392,"$56,0",33.9,2.9,-$255,1791.0,-$646,-$647,0.0,0,0,0,0,0,0,0,180.27272727272728,0.903177004538578,2025-03-01,📈 MAINTAIN / SCALE,11-3,0.7916999999999998,162.8181818181818,1.2906660311989329,1.165699879917947,0.36666666666666664,0.6171709531013616,🟡 MONITOR
01/03/2025,11.0,4,1856.0,72,23.0,"43,50%",7.0,"70,00%",42.9,$468,"$33,7",40.7,3.3,-$251,775.0,-$720,-$719,0.0,0,0,0,0,0,0,0,265.14285714285717,0.4175646551724138,2025-03-01,🛡️ MONITOR,11-4,1.8843,110.71428571428571,1.6817297294977602,0.702230894590929,0.23333333333333334,0.2574982040229885,🟡 MONITOR
01/03/2025,11.0,5,1854.0,56,18.0,"55,60%",5.0,"50,00%",60.0,$62,"$21,1",22.2,2.2,-$81,232.0,-$143,-$144,0.0,0,0,0,0,0,0,0,370.8,0.12513484358144553,2025-03-01,🛡️ MONITOR,11-5,0.88,46.4,1.315382944145708,0.16460023896537448,0.16666666666666666,0.0729953254225099,🟡 MONITOR
01/03/2025,11.0,6,1658.0,61,20.0,"40,00%",7.0,"87,50%",71.4,$173,"$60,3",36.6,8.1,-$337,3437.0,-$500,-$510,0.0,0,0,0,0,0,0,0,236.85714285714286,2.0729794933655006,2025-03-01,📈 MAINTAIN / SCALE,11-6,2.3165999999999993,491.0,1.5982731216400203,3.3131874059570263,0.23333333333333334,1.2783373542420589,✅ PROFITABLE
01/03/2025,11.0,7,735.0,38,11.0,"45,50%",3.0,"60,00%",66.7,$111,"$33,9",30.0,1.7,$281,170.0,$170,$170,0.0,0,0,0,0,0,0,0,245.0,0.23129251700680273,2025-03-01,🛡️ MONITOR,11-7,0.5660999999999999,56.666666666666664,1.1766992076037028,0.27216172148657075,0.1,0.1272108843537415,🟡 MONITOR
01/03/2025,11.0,8,306.0,6,2.0,"0,00%",0.0,0,0.0,$0,0,0.0,0.0,$0,0.0,$0,$0,0.0,0,0,0,0,0,0,0,0.0,0.0,2025-03-01,🛡️ MONITOR,11-8,0.0,0.0,1.0,0.0,0.0,0.0,🟡 MONITOR
01/03/2025,12.0,1,4324.0,178,86.0,"43,00%",29.0,"78,38%",72.4,$738,"$84,1",36.2,2.6,$563,6391.0,-$134,-$176,0.0,0,0,0,0,0,0,0,149.10344827586206,1.4780296022201664,2025-03-01,📈 MAINTAIN / SCALE,12-1,0.7175999999999999,220.3793103448276,1.2637211588275723,1.8678172816991245,0.9666666666666667,1.453395775516497,💎 SCALABLE GENIUS
01/03/2025,12.0,2,2277.0,130,58.0,"56,90%",31.0,"93,94%",64.5,$1 911,"$79,4",43.3,4.1,$8 468,9998.0,$6 593,$6 557,0.0,0,0,0,0,0,0,0,73.45161290322581,4.390865173473869,2025-03-01,🚀 ROCKET SCALE (ROAS > 4),12-2,1.4554999999999998,322.51612903225805,1.5009003756671428,6.590251188370704,1.0,4.390865173473869,💎 SCALABLE GENIUS
01/03/2025,12.0,3,2247.0,85,34.0,"38,20%",8.0,"61,54%",50.0,$47,"$37,5",31.4,2.5,$728,750.0,$750,$680,0.0,0,0,0,0,0,0,0,280.875,0.33377837116154874,2025-03-01,❌ STOP IMMEDIATE (Burning Cash),12-3,1.25,93.75,1.4581453659370776,0.48669738515923816,0.26666666666666666,0.2113929684023142,🟡 MONITOR
01/03/2025,12.0,4,2016.0,24,11.0,"54,50%",6.0,"100,00%",66.7,$150,"$26,9",22.0,1.3,$291,215.0,$215,$141,0.0,0,0,0,0,0,0,0,336.0,0.10664682539682539,2025-03-01,❌ STOP IMMEDIATE (Burning Cash),12-4,0.4329,35.833333333333336,1.0873673000676745,0.11596427059253472,0.2,0.06398809523809523,🟡 MONITOR
01/03/2025,12.0,5,277.0,1,0.0,0,0.0,0,0.0,0,0,0.0,0.0,0,0.0,0,0,0.0,0,0,0,0,0,0,0,0.0,0.0,2025-03-01,🛡️ MONITOR,12-5,0.0,0.0,1.0,0.0,0.0,0.0,🟡 MONITOR
01/03/2025,12.0,6,212.0,19,11.0,"27,30%",1.0,"33,33%",100.0,$0,"$34,5",34.5,1.0,$34,34.0,$34,$34,0.0,0,0,0,0,0,0,0,212.0,0.16037735849056603,2025-03-01,🛡️ MONITOR,12-6,0.0,34.0,1.0,0.16037735849056603,0.03333333333333333,0.0828616352201258,🟡 MONITOR
01/03/2025,12.0,7,210.0,2,0.0,0,0.0,0,0.0,0,0,0.0,0.0,0,0.0,0,0,0.0,0,0,0,0,0,0,0,0.0,0.0,2025-03-01,🛡️ MONITOR,12-7,0.0,0.0,1.0,0.0,0.0,0.0,🟡 MONITOR
01/03/2025,12.0,8,124.0,3,2.0,"50,00%",1.0,"100,00%",100.0,$0,"$20,9",20.9,1.0,$19,21.0,$21,$19,0.0,0,0,0,0,0,0,0,124.0,0.1693548387096774,2025-03-01,🛡️ MONITOR,12-8,0.0,21.0,1.0,0.1693548387096774,0.03333333333333333,0.08750000000000001,🟡 MONITOR
01/03/2025,13.0,1,7756.0,171,90.0,"55,60%",38.0,"76,00%",65.8,$1 537,"$64,1",64.7,3.0,$1 919,7246.0,$441,$383,0.0,0,0,0,0,0,0,0,204.10526315789474,0.9342444559051057,2025-03-01,📈 MAINTAIN / SCALE,13-1,1.026,190.68421052631578,1.3757254027244936,1.285263830343177,1.0,0.9342444559051057,🟡 MONITOR
01/03/2025,13.0,2,3112.0,123,57.0,"59,60%",21.0,"61,76%",61.9,$1 400,"$51,5",41.2,2.4,$3 244,2629.0,$1 939,$1 843,0.0,0,0,0,0,0,0,0,148.1904761904762,0.8447943444730077,2025-03-01,🛡️ MONITOR,13-2,0.9144,125.19047619047619,1.333553588931836,1.1265785299812971,0.7,0.7180751928020566,🟡 MONITOR
01/03/2025,13.0,3,220.0,2,0.0,0,0.0,0,0.0,0,0,0.0,0.0,0,0.0,0,0,0.0,0,0,0,0,0,0,0,0.0,0.0,2025-03-01,🛡️ MONITOR,13-3,0.0,0.0,1.0,0.0,0.0,0.0,🟡 MONITOR
01/03/2025,13.0,4,153.0,5,0.0,0,0.0,0,0.0,0,0,0.0,0.0,0,0.0,0,0,0.0,0,0,0,0,0,0,0,0.0,0.0,2025-03-01,🛡️ MONITOR,13-4,0.0,0.0,1.0,0.0,0.0,0.0,🟡 MONITOR
01/03/2025,13.0,5,105.0,3,1.0,"100,00%",0.0,"0,00%",0.0,$0,0,0.0,0.0,$0,0.0,$0,$0,0.0,0,0,0,0,0,0,0,0.0,0.0,2025-03-01,🛡️ MONITOR,13-5,0.0,0.0,1.0,0.0,0.0,0.0,🟡 MONITOR
01/03/2025,14.0,1,11335.0,608,197.0,"46,70%",68.0,"73,91%",55.9,$1 402,"$26,5",27.1,4.5,$6 713,8144.0,$5 803,$5 311,0.0,0,0,0,0,0,0,0,166.69117647058823,0.7184825760917513,2025-03-01,🛡️ MONITOR,14-1,1.9845000000000002,119.76470588235294,1.6632981319783369,1.195050726672393,1.0,0.7184825760917513,"🧪 POTENTIAL (Low ROI now, High LTV)"
01/03/2025,15.0,1,10703.0,468,166.0,"52,40%",65.0,"74,71%",53.8,$1 943,"$41,3",31.9,5.4,$8 118,14585.0,$6 327,$6 175,0.0,0,0,0,0,0,0,0,164.66153846153847,1.3627020461552837,2025-03-01,📈 MAINTAIN / SCALE,15-1,2.4948,224.3846153846154,1.779116316549446,2.4244054449101813,1.0,1.3627020461552837,💎 SCALABLE GENIUS
01/03/2025,15.0,2,250.0,2,1.0,"100,00%",1.0,"100,00%",100.0,$2,"$34,6",34.6,1.0,$36,35.0,$35,$35,0.0,0,0,0,0,0,0,0,250.0,0.14,2025-03-01,🛡️ MONITOR,15-2,0.0,35.0,1.0,0.14,0.03333333333333333,0.07233333333333335,🟡 MONITOR
01/03/2025,16.0,1,6114.0,785,204.0,"39,20%",52.0,"65,00%",61.5,$1 068,"$44,9",30.2,2.1,$3 593,4984.0,$2 551,$2 525,0.0,0,0,0,0,0,0,0,117.57692307692308,0.8151782793588486,2025-03-01,🛡️ MONITOR,16-1,0.8085000000000001,95.84615384615384,1.2856458777208104,1.0480305944652468,1.0,0.8151782793588486,🟡 MONITOR
01/03/2025,16.0,2,2361.0,118,46.0,"45,70%",12.0,"57,14%",83.3,$241,"$23,9",26.9,1.4,$623,406.0,$406,$382,0.0,0,0,0,0,0,0,0,196.75,0.17196103346039815,2025-03-01,❌ STOP IMMEDIATE (Burning Cash),16-2,0.23380000000000004,33.833333333333336,1.0561908635157427,0.18162367242159744,0.4,0.1203727234222787,🟡 MONITOR
01/03/2025,16.0,3,1472.0,111,35.0,"45,70%",8.0,"50,00%",50.0,$40,"$16,1",17.4,4.1,$568,532.0,$532,$528,0.0,0,0,0,0,0,0,0,184.0,0.36141304347826086,2025-03-01,🛡️ MONITOR,16-3,2.05,66.5,1.705493486855131,0.6163875917166642,0.26666666666666666,0.22889492753623186,🟡 MONITOR
01/03/2025,16.0,4,480.0,4,2.0,"0,00%",0.0,0,0.0,$0,0,0.0,0.0,$0,0.0,$0,$0,0.0,0,0,0,0,0,0,0,0.0,0.0,2025-03-01,🛡️ MONITOR,16-4,0.0,0.0,1.0,0.0,0.0,0.0,🟡 MONITOR
01/03/2025,16.0,5,135.0,17,0.0,0,0.0,0,0.0,0,0,0.0,0.0,0,0.0,0,0,0.0,0,0,0,0,0,0,0,0.0,0.0,2025-03-01,🛡️ MONITOR,16-5,0.0,0.0,1.0,0.0,0.0,0.0,🟡 MONITOR
01/03/2025,16.0,6,75.0,9,1.0,"0,00%",0.0,0,0.0,$0,0,0.0,0.0,$0,0.0,$0,$0,0.0,0,0,0,0,0,0,0,0.0,0.0,2025-03-01,🛡️ MONITOR,16-6,0.0,0.0,1.0,0.0,0.0,0.0,🟡 MONITOR
01/03/2025,17.0,1,8620.0,256,109.0,"54,10%",42.0,"71,19%",66.7,$1 491,"$46,9",54.4,1.9,$848,3707.0,$2 199,-$643,0.0,0,0,0,0,0,0,0,205.23809523809524,0.43004640371229697,2025-03-01,❌ STOP IMMEDIATE (Burning Cash),17-1,0.6326999999999999,88.26190476190476,1.2137373440954073,0.5219633798795447,1.0,0.43004640371229697,❌ MONEY BURNER
01/03/2025,17.0,2,1050.0,20,8.0,"62,50%",2.0,"40,00%",0.0,-$265,"$122,9",41.9,18.5,$1 047,4546.0,$1 311,$1 312,0.0,0,0,0,0,0,0,0,525.0,4.32952380952381,2025-03-01,🚀 ROCKET SCALE (ROAS > 4),17-2,18.5,2273.0,3.917770732084279,16.962081664814413,0.06666666666666667,2.309079365079365,✅ PROFITABLE
01/03/2025,17.0,3,313.0,11,3.0,"66,70%",2.0,"100,00%",50.0,$891,"$149,9",104.3,5.5,$2 540,1649.0,$1 649,$1 649,0.0,0,0,0,0,0,0,0,156.5,5.268370607028754,2025-03-01,📈 MAINTAIN / SCALE,17-3,2.75,824.5,1.8523740461192126,9.758992977797385,0.06666666666666667,2.8097976570820022,✅ PROFITABLE
01/03/2025,17.0,4,176.0,3,0.0,0,0.0,0,0.0,0,0,0.0,0.0,0,0.0,0,0,0.0,0,0,0,0,0,0,0,0.0,0.0,2025-03-01,🛡️ MONITOR,17-4,0.0,0.0,1.0,0.0,0.0,0.0,🟡 MONITOR
01/03/2025,18.0,1,4833.0,145,72.0,"50,00%",24.0,"66,67%",54.2,$901,"$58,9",52.9,2.1,$3 405,2944.0,$2 646,$2 503,0.0,0,0,0,0,0,0,0,201.375,0.6091454583074695,2025-03-01,🛡️ MONITOR,18-1,0.9617999999999999,122.66666666666667,1.3398073038860547,0.8161375341693659,0.8,0.5482309124767225,🟡 MONITOR
01/03/2025,18.0,2,3642.0,169,79.0,"50,60%",27.0,"67,50%",48.1,$1 508,"$43,5",46.3,3.0,$3 315,3526.0,$1 928,$1 807,0.0,0,0,0,0,0,0,0,134.88888888888889,0.9681493684788578,2025-03-01,📈 MAINTAIN / SCALE,18-2,1.557,130.59259259259258,1.570179777818749,1.5201685602934951,0.9,0.9197419000549149,💎 SCALABLE GENIUS
01/03/2025,18.0,3,431.0,21,5.0,"60,00%",1.0,"33,33%",0.0,-$52,"$72,6",69.1,2.0,$94,145.0,$145,$146,0.0,0,0,0,0,0,0,0,431.0,0.33642691415313225,2025-03-01,🛡️ MONITOR,18-3,2.0,145.0,1.6931471805599454,0.5696202811628587,0.03333333333333333,0.17382057231245168,🟡 MONITOR
01/03/2025,18.0,4,229.0,12,2.0,"0,00%",0.0,0,0.0,$0,0,0.0,0.0,$0,0.0,$0,$0,0.0,0,0,0,0,0,0,0,0.0,0.0,2025-03-01,🛡️ MONITOR,18-4,0.0,0.0,1.0,0.0,0.0,0.0,🟡 MONITOR
01/03/2025,19.0,1,8180.0,208,99.0,"47,50%",36.0,"76,60%",69.4,$422,"$47,8",49.3,3.9,$4 932,6745.0,$4 727,$4 510,0.0,0,0,0,0,0,0,0,227.22222222222223,0.8245721271393643,2025-03-01,🛡️ MONITOR,19-1,1.1933999999999998,187.36111111111111,1.4164588252594936,1.167972466549546,1.0,0.8245721271393643,🟡 MONITOR
01/03/2025,19.0,2,541.0,12,3.0,"33,30%",1.0,"100,00%",0.0,$96,"$21,5",21.0,11.0,$333,237.0,$237,$237,0.0,0,0,0,0,0,0,0,541.0,0.43807763401109057,2025-03-01,🛡️ MONITOR,19-2,11.0,237.0,3.3978952727983707,1.4885419217249793,0.03333333333333333,0.22634011090573014,"🧪 POTENTIAL (Low ROI now, High LTV)"
01/03/2025,20.0,1,6913.0,226,109.0,"45,90%",37.0,"74,00%",70.3,$1 056,"$25,1",29.8,2.6,$2 718,2432.0,$1 709,$1 662,0.0,0,0,0,0,0,0,0,186.83783783783784,0.35180095472298567,2025-03-01,❌ STOP IMMEDIATE (Burning Cash),20-1,0.7722000000000001,65.72972972972973,1.2837868991731487,0.4516374567899751,1.0,0.35180095472298567,❌ MONEY BURNER
01/03/2025,20.0,2,459.0,14,4.0,"100,00%",3.0,"75,00%",33.3,$259,"$63,5",41.6,2.3,$704,444.0,$444,$445,0.0,0,0,0,0,0,0,0,153.0,0.9673202614379085,2025-03-01,📈 MAINTAIN / SCALE,20-2,1.5341,148.0,1.5555503849977144,1.5047154050958282,0.1,0.5320261437908497,"🧪 POTENTIAL (Low ROI now, High LTV)"
01/03/2025,20.0,3,206.0,1,0.0,0,0.0,0,0.0,0,0,0.0,0.0,0,0.0,0,0,0.0,0,0,0,0,0,0,0,0.0,0.0,2025-03-01,🛡️ MONITOR,20-3,0.0,0.0,1.0,0.0,0.0,0.0,🟡 MONITOR
01/03/2025,20.0,4,195.0,10,4.0,"25,00%",0.0,"0,00%",0.0,$0,0,0.0,0.0,$0,0.0,$0,$0,0.0,0,0,0,0,0,0,0,0.0,0.0,2025-03-01,🛡️ MONITOR,20-4,0.0,0.0,1.0,0.0,0.0,0.0,🟡 MONITOR
01/03/2025,20.0,5,189.0,10,1.0,"0,00%",0.0,0,0.0,$0,0,0.0,0.0,$0,0.0,$0,$0,0.0,0,0,0,0,0,0,0,0.0,0.0,2025-03-01,🛡️ MONITOR,20-5,0.0,0.0,1.0,0.0,0.0,0.0,🟡 MONITOR
01/03/2025,20.0,6,189.0,4,1.0,"100,00%",1.0,"100,00%",100.0,$32,"$20,8",20.8,1.0,$53,21.0,$21,$21,0.0,0,0,0,0,0,0,0,189.0,0.1111111111111111,2025-03-01,🛡️ MONITOR,20-6,0.0,21.0,1.0,0.1111111111111111,0.03333333333333333,0.05740740740740741,🟡 MONITOR
01/03/2025,20.0,7,147.0,2,0.0,0,0.0,0,0.0,0,0,0.0,0.0,0,0.0,0,0,0.0,0,0,0,0,0,0,0,0.0,0.0,2025-03-01,🛡️ MONITOR,20-7,0.0,0.0,1.0,0.0,0.0,0.0,🟡 MONITOR
01/03/2025,21.0,1,6257.0,269,114.0,"36,00%",28.0,"68,29%",57.1,$755,"$28,2",29.8,1.7,$2 061,1352.0,$1 352,$1 306,0.0,0,0,0,0,0,0,0,223.46428571428572,0.216077992648234,2025-03-01,❌ STOP IMMEDIATE (Burning Cash),21-1,0.7293,48.285714285714285,1.227639519705671,0.2652658831136435,0.9333333333333333,0.20887539289329285,❌ MONEY BURNER
01/03/2025,21.0,2,1050.0,21,5.0,"60,00%",2.0,"66,67%",50.0,-$67,"$55,4",45.0,1.5,$87,166.0,$166,$154,0.0,0,0,0,0,0,0,0,525.0,0.1580952380952381,2025-03-01,🛡️ MONITOR,21-2,0.75,83.0,1.2027325540540823,0.19014628949807397,0.06666666666666667,0.08431746031746032,🟡 MONITOR
01/03/2025,21.0,3,735.0,22,2.0,"100,00%",2.0,"100,00%",50.0,-$11,"$44,2",62.8,1.5,$114,133.0,$133,$125,0.0,0,0,0,0,0,0,0,367.5,0.18095238095238095,2025-03-01,🛡️ MONITOR,21-3,0.75,66.5,1.2027325540540823,0.21763731930502442,0.06666666666666667,0.0965079365079365,🟡 MONITOR
01/03/2025,22.0,1,4990.0,56,26.0,"61,50%",12.0,"75,00%",58.3,$500,"$30,9",37.7,3.4,$1 168,1267.0,$700,$667,0.0,0,0,0,0,0,0,0,415.8333333333333,0.2539078156312625,2025-03-01,❌ STOP IMMEDIATE (Burning Cash),22-1,1.4178,105.58333333333333,1.5103143549864222,0.38348061879114165,0.4,0.17773547094188374,🟡 MONITOR
01/03/2025,22.0,2,1827.0,18,9.0,"44,40%",3.0,"75,00%",66.7,$0,"$39,9",41.6,1.3,$159,159.0,$159,$159,0.0,0,0,0,0,0,0,0,609.0,0.08702791461412152,2025-03-01,🛡️ MONITOR,22-2,0.4329,53.0,1.0873673000676745,0.09463130854447742,0.1,0.04786535303776684,🟡 MONITOR
01/03/2025,22.0,3,153.0,3,1.0,"0,00%",0.0,0,0.0,$0,0,0.0,0.0,$0,0.0,$0,$0,0.0,0,0,0,0,0,0,0,0.0,0.0,2025-03-01,🛡️ MONITOR,22-3,0.0,0.0,1.0,0.0,0.0,0.0,🟡 MONITOR
